uid;first name;last name;username;email;phone number;access allowed;hired since;;location
1;Hyman;Abramzon;habramzon0;habramzon0@360.cn;7114147726;FALSE;2006-11-23T04:07:56Z;;[49.2, 16.6]
2;Shelly;Bickell;sbickell1;sbickell1@unesco.org;2782199493;TRUE;;;[50.5, 14.3]
3;Gustave;Doe;gdoe2;;5501019871;FALSE;;;[49.8, 17.2]
4;Gaile;Baddiley;gbaddiley3;gbaddiley3@nydailynews.com;2797759177;TRUE;2010-04-03T15:33:49Z;;[49.0, 15.7]
5;Dosi;Golsby;dgolsby4;dgolsby4@tripadvisor.com;;TRUE;2019-02-05T23:33:30Z;;[50.2, 13.8]
6;Agnes;Puddephatt;apuddephatt5;;3029752604;FALSE;2010-06-06T06:36:28Z;;[51.0, 16.0]
7;Arleta;Rhead;arhead6;arhead6@w3.org;3753195076;FALSE;2013-01-08T12:53:27Z;;[48.7, 17.4]
8;Melamie;Plumridge;mplumridge7;mplumridge7@opensource.org;7821712960;FALSE;2010-03-08T03:55:18Z;;[49.9, 15.2]
9;Nollie;Puve;npuve8;npuve8@clickbank.net;5123877191;FALSE;2009-05-07T09:08:16Z;;[50.1, 14.7]
10;Mace;Faulder;mfaulder9;mfaulder9@columbia.edu;3956029963;TRUE;2008-08-30T04:37:12Z;;[49.3, 17.8]
11;Francklin;Havelin;fhavelina;fhavelina@flavors.me;7868400968;TRUE;2010-01-19T18:31:49Z;;[50.4, 16.5]
12;Kissiah;MacCarrick;kmaccarrickb;kmaccarrickb@deliciousdays.com;8664030911;TRUE;2008-10-04T14:00:24Z;;[48.9, 13.9]
13;Harlin;McMennum;hmcmennumc;hmcmennumc@china.com.cn;7802262215;FALSE;2020-10-21T18:23:30Z;;[51.1, 14.2]
14;Alyce;Clawson;aclawsond;aclawsond@hatena.ne.jp;2961709508;TRUE;2009-08-16T02:30:56Z;;[49.1, 18.5]
15;Latrena;Sigmund;lsigmunde;lsigmunde@thetimes.co.uk;;FALSE;2012-02-04T14:24:50Z;;[48.6, 14.8]
16;Maude;Goodwell;mgoodwellf;mgoodwellf@cdbaby.com;7288436786;TRUE;2008-05-19T08:48:54Z;;[49.6, 15.0]
17;Orson;McKevin;omckeving;omckeving@naver.com;4663295902;TRUE;;;[50.3, 17.0]
18;Yasmin;Antoniottii;yantoniottiih;yantoniottiih@indiegogo.com;1335388063;FALSE;2009-03-29T23:42:04Z;;[50.7, 14.9]
19;Richie;Klimek;rklimeki;rklimeki@amazonaws.com;9322314197;TRUE;2014-06-30T01:27:41Z;;[49.4, 16.9]
20;Emmie;Matsell;ematsellj;ematsellj@hugedomains.com;2411386844;FALSE;2011-10-14T18:29:02Z;;[50.8, 16.3]
21;Tabbi;Trengrouse;ttrengrousek;ttrengrousek@bandcamp.com;;FALSE;2010-01-16T01:49:08Z;;[49.7, 13.7]
22;Beilul;Hacquel;bhacquell;;;TRUE;2012-01-07T11:59:11Z;;[48.8, 15.4]
23;Kimmi;Bread;kbreadm;;7046411838;TRUE;;;[50.0, 14.4]
24;Saxon;Ramiro;sramiron;sramiron@shinystat.com;7141696735;FALSE;2019-05-01T20:51:28Z;;[49.5, 17.6]
25;Ervin;Bridgen;ebridgeno;ebridgeno@github.io;7535044082;FALSE;2006-11-23T07:57:12Z;;[51.0, 13.6]
26;Adrian;Eastment;aeastmentp;aeastmentp@census.gov;6198423741;FALSE;2017-03-15T06:01:44Z;;[48.7, 17.3]
27;Yehudit;Hamblett;yhamblettq;yhamblettq@blogger.com;6479948221;TRUE;2014-07-20T22:29:43Z;;[49.3, 18.0]
28;Sloan;Epelett;sepelettr;sepelettr@lulu.com;2447779488;;;;[50.2, 16.7]
29;Ettore;Gasker;egaskers;egaskers@discovery.com;1786619735;TRUE;2012-07-08T03:37:10Z;;[49.9, 13.5]
30;Dalton;Igonet;digonett;digonett@cmu.edu;7247303752;TRUE;;;[50.9, 15.1]
31;Denni;Wooder;dwooderu;dwooderu@loc.gov;;TRUE;;;[49.0, 17.5]
32;Winona;Nathan;wnathanv;wnathanv@macromedia.com;6012194948;TRUE;;;[51.2, 15.4]
33;Ethyl;Castleton;ecastletonw;ecastletonw@yandex.ru;7199518419;FALSE;2013-03-04T08:30:31Z;;[48.9, 16.2]
34;Zollie;Rosenzwig;zrosenzwigx;zrosenzwigx@prweb.com;9892415658;;2013-06-23T10:58:46Z;;[49.8, 14.6]
35;Skell;Fields;sfieldsy;sfieldsy@delicious.com;1641079242;FALSE;;;[50.5, 13.3]
36;Lina;Anniwell;lanniwellz;lanniwellz@seattletimes.com;9463248968;FALSE;2010-03-04T08:41:24Z;;[49.6, 16.1]
37;Ursuline;Quiddihy;uquiddihy10;;5347337713;FALSE;2015-05-26T08:34:28Z;;[50.1, 13.9]
38;Sallyann;Gibbonson;sgibbonson11;sgibbonson11@networksolutions.com;2737330442;TRUE;2020-04-25T22:10:59Z;;[49.2, 16.4]
39;Hillier;Gedney;hgedney12;hgedney12@e-recht24.de;4541031409;FALSE;2007-08-28T10:04:15Z;;[51.1, 16.2]
40;Dinah;Creenan;dcreenan13;dcreenan13@huffingtonpost.com;9154885609;FALSE;2019-09-10T05:08:13Z;;[50.3, 14.5]
41;Berta;Noakes;bnoakes14;bnoakes14@nifty.com;;FALSE;2018-08-09T23:16:30Z;;[48.7, 13.8]
42;Alfreda;Phipard-Shears;aphipardshears15;aphipardshears15@pbs.org;6751195233;TRUE;2015-06-15T16:37:03Z;;[49.7, 14.3]
43;Bertrand;Pleager;bpleager16;bpleager16@illinois.edu;1919471979;FALSE;2009-10-07T13:06:36Z;;[50.2, 17.1]
44;Minne;MacLaig;mmaclaig17;mmaclaig17@wordpress.com;9244482060;FALSE;2010-04-15T09:37:03Z;;[49.5, 14.0]
45;Caressa;Gammack;cgammack18;cgammack18@ihg.com;3024821035;FALSE;2008-08-30T00:06:32Z;;[49.1, 15.9]
46;Melony;Camplejohn;mcamplejohn19;;1192014639;TRUE;2018-01-18T23:28:56Z;;[50.4, 14.8]
47;Felicio;Steketee;fsteketee1a;;8605728441;TRUE;2010-03-30T10:19:46Z;;[48.9, 14.5]
48;Emlynn;Bree;ebree1b;ebree1b@nyu.edu;8273613480;FALSE;2016-02-05T07:46:16Z;;[51.0, 15.5]
49;Brady;Bortoloni;bbortoloni1c;bbortoloni1c@wikipedia.org;9456484401;FALSE;2014-06-02T19:31:42Z;;[49.3, 13.7]
50;Janette;Hyndes;jhyndes1d;jhyndes1d@globo.com;;FALSE;2014-11-14T20:45:50Z;;[50.8, 14.1]
51;Barrie;Liccardi;bliccardi1e;bliccardi1e@ebay.com;7768536987;FALSE;2007-04-09T17:26:49Z;;[49.6, 15.4]
52;Jamison;Darrel;jdarrel1f;;4855604874;FALSE;2017-05-08T07:30:37Z;;[50.0, 13.4]
53;Vivyan;Welburn;vwelburn1g;vwelburn1g@naver.com;1627243667;FALSE;2018-12-15T03:27:28Z;;[48.6, 15.3]
54;Eleen;Mickan;emickan1h;;;TRUE;2012-03-18T05:05:24Z;;[49.2, 14.1]
55;Sam;Menichillo;smenichillo1i;;7707277674;TRUE;2017-09-20T06:37:40Z;;[50.4, 16.2]
56;Roxi;Cobbold;rcobbold1j;rcobbold1j@latimes.com;2247334220;FALSE;2014-02-21T19:18:35Z;;[48.9, 16.0]
57;Shane;Aylmore;saylmore1k;saylmore1k@engadget.com;;TRUE;2011-01-06T15:37:02Z;;[50.6, 13.7]
58;Alyse;Gowthrop;agowthrop1l;agowthrop1l@hhs.gov;3189628895;FALSE;2008-02-15T23:42:00Z;;[49.3, 16.8]
59;Kincaid;Bisiker;kbisiker1m;kbisiker1m@berkeley.edu;3457704842;;;;[50.9, 14.6]
60;Thornton;Emmitt;temmitt1n;temmitt1n@dropbox.com;7612988935;TRUE;2007-10-28T05:06:55Z;;[49.5, 13.9]
61;Thatcher;Gilluley;tgilluley1o;tgilluley1o@va.gov;6167215589;TRUE;2011-05-07T01:43:48Z;;[51.1, 14.0]
62;Abby;Bellenie;abellenie1p;;2655953139;TRUE;2013-02-07T00:57:44Z;;[50.2, 15.6]
63;Rollin;Rizzini;rrizzini1q;rrizzini1q@chron.com;7731010051;TRUE;2011-09-10T19:34:28Z;;[49.0, 15.3]
64;Garwood;Benedek;gbenedek1r;gbenedek1r@walmart.com;7193270881;FALSE;2010-05-04T11:48:22Z;;[49.9, 16.4]
65;Jaquelin;Seiffert;jseiffert1s;jseiffert1s@phpbb.com;4227042719;FALSE;2017-06-07T13:26:23Z;;[50.7, 14.4]
66;Valina;Unger;vunger1t;vunger1t@a8.net;3221349575;TRUE;2014-02-27T23:52:24Z;;[48.8, 14.7]
67;Thornton;Birkbeck;tbirkbeck1u;tbirkbeck1u@google.co.uk;9924618373;FALSE;2015-04-08T17:18:22Z;;[50.6, 16.1]
68;Zebulon;Macrow;zmacrow1v;zmacrow1v@dropbox.com;9181847507;FALSE;2017-03-06T03:03:11Z;;[48.7, 16.9]
69;Cobb;Tucsell;ctucsell1w;ctucsell1w@issuu.com;5557532017;FALSE;2009-11-12T00:44:24Z;;[50.1, 17.3]
70;Aristotle;Kennealy;akennealy1x;akennealy1x@latimes.com;5702694451;FALSE;2013-02-24T08:38:57Z;;[49.2, 15.6]
71;Sidnee;Blondin;sblondin1y;;9827549401;FALSE;;;[51.0, 14.5]
72;Carmon;McKimmey;cmckimmey1z;cmckimmey1z@woothemes.com;8047123174;TRUE;2020-01-20T13:27:48Z;;[49.3, 14.2]
73;Arny;Glasspoole;aglasspoole20;aglasspoole20@vkontakte.ru;8206869787;FALSE;2012-03-19T20:40:59Z;;[50.8, 16.3]
74;Daron;Greve;dgreve21;dgreve21@cisco.com;1107938642;TRUE;2013-09-15T06:57:52Z;;[49.9, 15.1]
75;Tibold;Byer;tbyer22;tbyer22@prlog.org;2569340935;;2014-10-26T11:19:53Z;;[48.6, 15.2]
76;Aubrette;Sherme;asherme23;asherme23@unesco.org;9856278673;TRUE;2017-12-28T01:03:46Z;;[50.3, 14.9]
77;Kellia;Di Maggio;kdimaggio24;kdimaggio24@tripadvisor.com;2439403871;TRUE;;;[49.7, 16.0]
78;Titus;Lahiff;tlahiff25;tlahiff25@unc.edu;;FALSE;2013-11-03T08:35:45Z;;[51.1, 16.0]
79;Hermann;Sutty;hsutty26;hsutty26@oakley.com;1097239494;FALSE;2008-05-12T20:08:51Z;;[49.2, 15.8]
80;Georgianne;Nanuccioi;gnanuccioi27;gnanuccioi27@trellian.com;4729713490;TRUE;2015-06-11T19:47:24Z;;[50.9, 14.7]
81;Rabbi;Sewell;rsewell28;rsewell28@newsvine.com;9109574703;TRUE;2018-11-02T15:04:19Z;;[49.5, 14.5]
82;Leigha;Ewence;lewence29;lewence29@bbc.co.uk;6668658958;FALSE;2011-01-20T06:55:18Z;;[49.0, 16.6]
83;Brigida;Ashelford;bashelford2a;bashelford2a@diigo.com;4463634624;FALSE;2014-12-22T14:09:11Z;;[50.0, 16.0]
84;Margalo;Bartoszek;mbartoszek2b;mbartoszek2b@smugmug.com;7482702196;FALSE;;;[50.4, 15.3]
85;Vivi;Moffett;vmoffett2c;vmoffett2c@google.pl;7012437092;TRUE;2019-03-02T11:49:24Z;;[48.8, 15.6]
86;Farrand;Cave;fcave2d;fcave2d@washingtonpost.com;6783201929;TRUE;;;[51.1, 13.8]
87;Loreen;Galtone;lgaltone2e;lgaltone2e@topsy.com;5901438392;TRUE;2010-03-23T15:40:44Z;;[50.1, 14.2]
88;Desiri;Beeck;dbeeck2f;dbeeck2f@tinyurl.com;4174204222;TRUE;2014-10-02T16:44:46Z;;[49.6, 14.7]
89;Davey;Burnes;dburnes2g;dburnes2g@deliciousdays.com;2119879134;FALSE;;;[50.2, 17.2]
90;Gardy;Addicott;gaddicott2h;gaddicott2h@yolasite.com;3464219471;FALSE;;;[49.8, 16.3]
91;Annadiana;Leatt;aleatt2i;aleatt2i@discuz.net;9295657614;FALSE;2019-07-04T05:38:49Z;;[49.4, 15.3]
92;Clay;Cawker;ccawker2j;ccawker2j@who.int;5828208676;TRUE;2009-06-13T15:14:39Z;;[50.5, 16.1]
93;Hasty;Crease;hcrease2k;;9342208723;TRUE;2008-07-21T05:02:46Z;;[48.6, 14.6]
94;Heather;Mannagh;hmannagh2l;hmannagh2l@wikia.com;7617919023;FALSE;;;[50.7, 13.6]
95;Modesta;Gecks;mgecks2m;mgecks2m@cnn.com;7309503060;FALSE;2009-10-21T09:52:50Z;;[49.3, 16.0]
96;Dotti;Jestico;djestico2n;djestico2n@umn.edu;6167106956;FALSE;2015-11-18T22:11:23Z;;[51.0, 14.3]
97;Modestine;Stainfield;mstainfield2o;mstainfield2o@sciencedaily.com;8637928592;FALSE;;;[49.1, 15.5]
98;Raff;Checketts;rchecketts2p;;2788933669;TRUE;;;[49.8, 14.0]
99;Erik;Oman;eoman2q;eoman2q@cdbaby.com;1472701463;FALSE;2017-04-23T01:25:21Z;;[50.3, 17.0]
100;Micki;Stickles;mstickles2r;;8888404017;TRUE;2020-06-11T06:07:51Z;;[49.2, 16.2]
